YearMonth,Sub-Category,Market,Actual_Sales,Predicted_Sales,Error
2014-01-01,Accessories,APAC,3575.8,2208.77,-1367.03
2014-02-01,Accessories,APAC,5507.23,2406.09,-3101.14
2014-03-01,Accessories,APAC,1435.08,2207.04,771.96
2014-04-01,Accessories,APAC,4822.41,3129.75,-1692.66
2014-05-01,Accessories,APAC,8147.13,3511.17,-4635.96
2014-06-01,Accessories,APAC,5567.72,5148.57,-419.15
2014-07-01,Accessories,APAC,2977.43,3289.89,312.46
2014-08-01,Accessories,APAC,4154.33,5877.08,1722.75
2014-09-01,Accessories,APAC,3955.06,6043.95,2088.89
2014-10-01,Accessories,APAC,4943.75,5976.93,1033.18
2014-11-01,Accessories,APAC,12412.76,7653.47,-4759.29
2014-12-01,Accessories,APAC,4840.62,5829.07,988.45
2014-01-01,Accessories,Africa,662.86,1094.57,431.71
2014-02-01,Accessories,Africa,869.13,1120.99,251.86
2014-03-01,Accessories,Africa,332.0,625.35,293.35
2014-04-01,Accessories,Africa,194.19,725.59,531.4
2014-05-01,Accessories,Africa,833.16,1336.85,503.69
2014-06-01,Accessories,Africa,343.5,869.72,526.22
2014-07-01,Accessories,Africa,1544.58,1298.9,-245.68
2014-08-01,Accessories,Africa,2127.6,1039.29,-1088.31
2014-09-01,Accessories,Africa,1053.6,1959.85,906.25
2014-10-01,Accessories,Africa,410.66,1101.15,690.49
2014-11-01,Accessories,Africa,3415.71,2126.09,-1289.62
2014-12-01,Accessories,Africa,1704.05,1149.94,-554.11
2014-01-01,Accessories,Canada,0.0,99.2,99.2
2014-02-01,Accessories,Canada,2170.8,76.51,-2094.29
2014-03-01,Accessories,Canada,0.0,686.68,686.68
2014-04-01,Accessories,Canada,0.0,267.68,267.68
2014-05-01,Accessories,Canada,0.0,377.34,377.34
2014-06-01,Accessories,Canada,0.0,206.45,206.45
2014-07-01,Accessories,Canada,0.0,157.15,157.15
2014-08-01,Accessories,Canada,365.07,251.17,-113.9
2014-09-01,Accessories,Canada,0.0,100.05,100.05
2014-10-01,Accessories,Canada,79.5,20.72,-58.78
2014-11-01,Accessories,Canada,162.84,71.41,-91.43
2014-12-01,Accessories,Canada,79.29,116.06,36.77
2014-01-01,Accessories,EMEA,155.9,584.59,428.69
2014-02-01,Accessories,EMEA,1585.99,583.13,-1002.86
2014-03-01,Accessories,EMEA,1263.63,403.86,-859.77
2014-04-01,Accessories,EMEA,646.28,523.65,-122.63
2014-05-01,Accessories,EMEA,55.52,593.16,537.64
2014-06-01,Accessories,EMEA,1467.01,1310.52,-156.49
2014-07-01,Accessories,EMEA,629.99,850.68,220.69
2014-08-01,Accessories,EMEA,4948.78,2032.86,-2915.92
2014-09-01,Accessories,EMEA,3060.26,2131.17,-929.09
2014-10-01,Accessories,EMEA,1091.67,961.96,-129.71
2014-11-01,Accessories,EMEA,1689.7,1832.64,142.94
2014-12-01,Accessories,EMEA,1765.3,1573.2,-192.1
2014-01-01,Accessories,EU,2662.17,3638.82,976.65
2014-02-01,Accessories,EU,2395.95,1700.4,-695.55
2014-03-01,Accessories,EU,1275.0,3597.45,2322.45
2014-04-01,Accessories,EU,5494.49,3068.83,-2425.66
2014-05-01,Accessories,EU,2455.93,3460.54,1004.61
2014-06-01,Accessories,EU,8223.85,6083.89,-2139.96
2014-07-01,Accessories,EU,3878.98,4170.35,291.37
2014-08-01,Accessories,EU,11367.76,6459.59,-4908.17
2014-09-01,Accessories,EU,8659.62,6923.04,-1736.58
2014-10-01,Accessories,EU,1379.52,4804.34,3424.82
2014-11-01,Accessories,EU,3715.7,5730.48,2014.78
2014-12-01,Accessories,EU,7295.78,7169.42,-126.36
2014-01-01,Accessories,LATAM,1626.2,1875.92,249.72
2014-02-01,Accessories,LATAM,862.67,2399.83,1537.16
2014-03-01,Accessories,LATAM,1571.09,2001.32,430.23
2014-04-01,Accessories,LATAM,2183.28,3289.78,1106.5
2014-05-01,Accessories,LATAM,1631.99,2878.83,1246.84
2014-06-01,Accessories,LATAM,2818.32,4184.13,1365.81
2014-07-01,Accessories,LATAM,2629.61,3412.62,783.01
2014-08-01,Accessories,LATAM,6113.64,4561.43,-1552.21
2014-09-01,Accessories,LATAM,3590.59,4170.88,580.29
2014-10-01,Accessories,LATAM,5024.8,4003.69,-1021.11
2014-11-01,Accessories,LATAM,4080.49,4570.97,490.48
2014-12-01,Accessories,LATAM,5556.64,4929.52,-627.12
2014-01-01,Accessories,US,2125.91,1792.16,-333.75
2014-02-01,Accessories,US,2437.17,4004.54,1567.37
2014-03-01,Accessories,US,3952.27,2044.14,-1908.13
2014-04-01,Accessories,US,2139.86,1994.21,-145.65
2014-05-01,Accessories,US,3753.18,2952.13,-801.05
2014-06-01,Accessories,US,4848.83,3926.68,-922.15
2014-07-01,Accessories,US,7547.34,4717.22,-2830.12
2014-08-01,Accessories,US,4343.16,5533.4,1190.24
2014-09-01,Accessories,US,10227.16,5544.36,-4682.8
2014-10-01,Accessories,US,5192.04,4360.14,-831.9
2014-11-01,Accessories,US,7910.37,7315.23,-595.14
2014-12-01,Accessories,US,5468.95,7665.09,2196.14
2014-01-01,Appliances,APAC,10323.58,4049.76,-6273.82
2014-02-01,Appliances,APAC,1503.54,5511.91,4008.37
2014-03-01,Appliances,APAC,7282.8,6552.08,-730.72
2014-04-01,Appliances,APAC,7621.2,6728.97,-892.23
2014-05-01,Appliances,APAC,8556.09,8417.57,-138.52
2014-06-01,Appliances,APAC,5706.71,9650.15,3943.44
2014-07-01,Appliances,APAC,13729.54,7555.33,-6174.21
2014-08-01,Appliances,APAC,14563.79,10157.98,-4405.81
2014-09-01,Appliances,APAC,2773.89,10177.74,7403.85
2014-10-01,Appliances,APAC,11118.48,11270.0,151.52
2014-11-01,Appliances,APAC,21478.22,11251.46,-10226.76
2014-12-01,Appliances,APAC,15918.82,14824.76,-1094.06
2014-01-01,Appliances,Africa,568.47,1621.55,1053.08
2014-02-01,Appliances,Africa,649.95,1537.99,888.04
2014-03-01,Appliances,Africa,839.14,1419.53,580.39
2014-04-01,Appliances,Africa,2116.39,2047.29,-69.1
2014-05-01,Appliances,Africa,1830.96,1422.8,-408.16
2014-06-01,Appliances,Africa,4340.37,1767.16,-2573.21
2014-07-01,Appliances,Africa,1533.52,2778.59,1245.07
2014-08-01,Appliances,Africa,2874.9,2226.5,-648.4
2014-09-01,Appliances,Africa,1370.39,3553.38,2182.99
2014-10-01,Appliances,Africa,404.58,634.01,229.43
2014-11-01,Appliances,Africa,4100.2,2923.55,-1176.65
2014-12-01,Appliances,Africa,5771.95,3684.43,-2087.52
2014-01-01,Appliances,Canada,0.0,303.91,303.91
2014-02-01,Appliances,Canada,0.0,195.54,195.54
2014-03-01,Appliances,Canada,42.66,102.42,59.76
2014-04-01,Appliances,Canada,0.0,89.12,89.12
2014-05-01,Appliances,Canada,0.0,38.58,38.58
2014-06-01,Appliances,Canada,0.0,75.1,75.1
2014-07-01,Appliances,Canada,0.0,32.38,32.38
2014-08-01,Appliances,Canada,0.0,84.04,84.04
2014-09-01,Appliances,Canada,90.99,124.86,33.87
2014-10-01,Appliances,Canada,277.89,227.91,-49.98
2014-11-01,Appliances,Canada,0.0,346.91,346.91
2014-12-01,Appliances,Canada,456.84,237.51,-219.33
2014-01-01,Appliances,EMEA,61.78,0.0,-61.78
2014-02-01,Appliances,EMEA,4192.03,3505.42,-686.61
2014-03-01,Appliances,EMEA,0.0,2677.53,2677.53
2014-04-01,Appliances,EMEA,755.85,2780.38,2024.53
2014-05-01,Appliances,EMEA,1165.14,2483.42,1318.28
2014-06-01,Appliances,EMEA,881.77,1677.13,795.36
2014-07-01,Appliances,EMEA,4400.46,1264.43,-3136.03
2014-08-01,Appliances,EMEA,4655.44,3719.87,-935.57
2014-09-01,Appliances,EMEA,2314.54,3651.67,1337.13
2014-10-01,Appliances,EMEA,1137.45,1935.07,797.62
2014-11-01,Appliances,EMEA,1021.26,2253.79,1232.53
2014-12-01,Appliances,EMEA,1542.24,3252.07,1709.83
2014-01-01,Appliances,EU,4284.53,7350.88,3066.35
2014-02-01,Appliances,EU,7454.19,5798.67,-1655.52
2014-03-01,Appliances,EU,2669.36,3356.22,686.86
2014-04-01,Appliances,EU,4699.65,4795.88,96.23
2014-05-01,Appliances,EU,8298.6,8286.44,-12.16
2014-06-01,Appliances,EU,7193.23,7762.61,569.38
2014-07-01,Appliances,EU,4990.23,5506.99,516.76
2014-08-01,Appliances,EU,13895.1,9443.06,-4452.04
2014-09-01,Appliances,EU,12573.24,9861.42,-2711.82
2014-10-01,Appliances,EU,5952.28,8550.22,2597.94
2014-11-01,Appliances,EU,7119.89,10129.92,3010.03
2014-12-01,Appliances,EU,10494.82,9387.35,-1107.47
2014-01-01,Appliances,LATAM,1057.38,3480.55,2423.17
2014-02-01,Appliances,LATAM,205.92,511.09,305.17
2014-03-01,Appliances,LATAM,5082.64,3598.13,-1484.51
2014-04-01,Appliances,LATAM,5623.98,4890.64,-733.34
2014-05-01,Appliances,LATAM,4129.48,6628.75,2499.27
2014-06-01,Appliances,LATAM,5714.84,10054.13,4339.29
2014-07-01,Appliances,LATAM,1342.06,1806.82,464.76
2014-08-01,Appliances,LATAM,8009.9,3994.45,-4015.45
2014-09-01,Appliances,LATAM,2347.0,4869.69,2522.69
2014-10-01,Appliances,LATAM,9043.08,5892.26,-3150.82
2014-11-01,Appliances,LATAM,6766.65,6180.2,-586.45
2014-12-01,Appliances,LATAM,7937.98,6833.29,-1104.69
2014-01-01,Appliances,US,2548.0,1668.68,-879.32
2014-02-01,Appliances,US,3521.48,2684.61,-836.87
2014-03-01,Appliances,US,2439.99,2300.65,-139.34
2014-04-01,Appliances,US,678.79,1223.24,544.45
2014-05-01,Appliances,US,2577.71,2862.78,285.07
2014-06-01,Appliances,US,3159.72,2427.69,-732.03
2014-07-01,Appliances,US,1054.68,2924.23,1869.55
2014-08-01,Appliances,US,6621.78,4776.39,-1845.39
2014-09-01,Appliances,US,3722.46,3332.72,-389.74
2014-10-01,Appliances,US,3339.42,2681.85,-657.57
2014-11-01,Appliances,US,6082.13,5554.55,-527.58
2014-12-01,Appliances,US,7180.76,5756.51,-1424.25
2014-01-01,Art,APAC,2331.22,1216.35,-1114.87
2014-02-01,Art,APAC,1273.55,1157.14,-116.41
2014-03-01,Art,APAC,1458.49,986.52,-471.97
2014-04-01,Art,APAC,966.23,1385.58,419.35
2014-05-01,Art,APAC,1604.9,1640.89,35.99
2014-06-01,Art,APAC,2057.88,2158.99,101.11
2014-07-01,Art,APAC,651.22,1232.27,581.05
2014-08-01,Art,APAC,3109.5,2318.68,-790.82
2014-09-01,Art,APAC,2208.82,2187.85,-20.97
2014-10-01,Art,APAC,2620.2,2014.96,-605.24
2014-11-01,Art,APAC,2938.24,2373.05,-565.19
2014-12-01,Art,APAC,2183.02,1956.37,-226.65
2014-01-01,Art,Africa,485.64,641.47,155.83
2014-02-01,Art,Africa,764.97,406.25,-358.72
2014-03-01,Art,Africa,842.49,741.56,-100.93
2014-04-01,Art,Africa,1143.62,713.51,-430.11
2014-05-01,Art,Africa,1409.95,991.9,-418.05
2014-06-01,Art,Africa,1997.24,1529.49,-467.75
2014-07-01,Art,Africa,885.72,985.52,99.8
2014-08-01,Art,Africa,947.9,1377.63,429.73
2014-09-01,Art,Africa,1332.45,1598.65,266.2
2014-10-01,Art,Africa,705.45,1031.2,325.75
2014-11-01,Art,Africa,1095.82,1371.23,275.41
2014-12-01,Art,Africa,1718.84,1244.06,-474.78
2014-01-01,Art,Canada,23.52,115.85,92.33
2014-02-01,Art,Canada,475.59,46.67,-428.92
2014-03-01,Art,Canada,0.0,28.41,28.41
2014-04-01,Art,Canada,0.0,58.45,58.45
2014-05-01,Art,Canada,115.59,78.71,-36.88
2014-06-01,Art,Canada,79.86,82.56,2.7
2014-07-01,Art,Canada,26.37,49.72,23.35
2014-08-01,Art,Canada,313.08,88.94,-224.14
2014-09-01,Art,Canada,0.0,104.21,104.21
2014-10-01,Art,Canada,116.88,41.84,-75.04
2014-11-01,Art,Canada,198.03,90.94,-107.09
2014-12-01,Art,Canada,53.97,89.0,35.03
2014-01-01,Art,EMEA,705.98,582.13,-123.85
2014-02-01,Art,EMEA,536.25,274.21,-262.04
2014-03-01,Art,EMEA,1063.51,806.98,-256.53
2014-04-01,Art,EMEA,1418.14,896.85,-521.29
2014-05-01,Art,EMEA,273.82,1044.15,770.33
2014-06-01,Art,EMEA,1783.26,1128.38,-654.88
2014-07-01,Art,EMEA,1843.59,1079.73,-763.86
2014-08-01,Art,EMEA,1469.74,1274.3,-195.44
2014-09-01,Art,EMEA,1249.21,1320.74,71.53
2014-10-01,Art,EMEA,867.75,1270.21,402.46
2014-11-01,Art,EMEA,1186.07,1409.75,223.68
2014-12-01,Art,EMEA,1605.88,1162.56,-443.32
2014-01-01,Art,EU,3293.71,2224.07,-1069.64
2014-02-01,Art,EU,2541.62,1753.9,-787.72
2014-03-01,Art,EU,3454.96,2261.55,-1193.41
2014-04-01,Art,EU,2263.37,2209.36,-54.01
2014-05-01,Art,EU,3103.97,3284.08,180.11
2014-06-01,Art,EU,5060.67,4482.71,-577.96
2014-07-01,Art,EU,2880.28,3195.97,315.69
2014-08-01,Art,EU,7132.31,4544.87,-2587.44
2014-09-01,Art,EU,7056.99,4460.2,-2596.79
2014-10-01,Art,EU,2326.74,1802.25,-524.49
2014-11-01,Art,EU,7542.29,5336.69,-2205.6
2014-12-01,Art,EU,6169.04,5758.22,-410.82
2014-01-01,Art,LATAM,526.24,438.8,-87.44
2014-02-01,Art,LATAM,35.43,304.82,269.39
2014-03-01,Art,LATAM,971.01,742.54,-228.47
2014-04-01,Art,LATAM,791.78,830.63,38.85
2014-05-01,Art,LATAM,484.61,1130.3,645.69
2014-06-01,Art,LATAM,1648.06,1384.8,-263.26
2014-07-01,Art,LATAM,1029.28,969.62,-59.66
2014-08-01,Art,LATAM,415.43,1240.51,825.08
2014-09-01,Art,LATAM,2767.94,1476.76,-1291.18
2014-10-01,Art,LATAM,1759.7,1409.85,-349.85
2014-11-01,Art,LATAM,1688.42,1405.16,-283.26
2014-12-01,Art,LATAM,1590.02,1597.32,7.3
2014-01-01,Art,US,485.59,260.54,-225.05
2014-02-01,Art,US,247.33,374.21,126.88
2014-03-01,Art,US,442.08,316.32,-125.76
2014-04-01,Art,US,592.99,356.88,-236.11
2014-05-01,Art,US,665.31,430.88,-234.43
2014-06-01,Art,US,1019.1,554.21,-464.89
2014-07-01,Art,US,866.84,622.95,-243.89
2014-08-01,Art,US,732.86,768.66,35.8
2014-09-01,Art,US,970.67,622.78,-347.89
2014-10-01,Art,US,636.99,437.14,-199.85
2014-11-01,Art,US,1236.35,736.25,-500.1
2014-12-01,Art,US,1018.22,678.16,-340.06
2014-01-01,Binders,APAC,751.72,981.88,230.16
2014-02-01,Binders,APAC,1656.13,1323.38,-332.75
2014-03-01,Binders,APAC,1214.75,1621.67,406.92
2014-04-01,Binders,APAC,1493.96,1831.77,337.81
2014-05-01,Binders,APAC,2070.39,1540.47,-529.92
2014-06-01,Binders,APAC,1644.45,1858.71,214.26
2014-07-01,Binders,APAC,640.61,1222.12,581.51
2014-08-01,Binders,APAC,3069.95,2352.54,-717.41
2014-09-01,Binders,APAC,1977.88,1791.08,-186.8
2014-10-01,Binders,APAC,2183.71,1750.7,-433.01
2014-11-01,Binders,APAC,2204.79,1746.64,-458.15
2014-12-01,Binders,APAC,1427.58,2042.53,614.95
2014-01-01,Binders,Africa,355.72,389.54,33.82
2014-02-01,Binders,Africa,344.16,340.98,-3.18
2014-03-01,Binders,Africa,706.81,580.08,-126.73
2014-04-01,Binders,Africa,1027.74,578.24,-449.5
2014-05-01,Binders,Africa,407.77,693.03,285.26
2014-06-01,Binders,Africa,1257.23,765.72,-491.51
2014-07-01,Binders,Africa,192.16,530.77,338.61
2014-08-01,Binders,Africa,381.01,689.92,308.91
2014-09-01,Binders,Africa,443.99,650.61,206.62
2014-10-01,Binders,Africa,284.52,516.13,231.61
2014-11-01,Binders,Africa,1034.58,769.81,-264.77
2014-12-01,Binders,Africa,761.24,586.99,-174.25
2014-01-01,Binders,Canada,63.9,97.1,33.2
2014-02-01,Binders,Canada,0.0,77.62,77.62
2014-03-01,Binders,Canada,0.0,79.5,79.5
2014-04-01,Binders,Canada,0.0,82.2,82.2
2014-05-01,Binders,Canada,0.0,95.64,95.64
2014-06-01,Binders,Canada,108.96,150.8,41.84
2014-07-01,Binders,Canada,7.26,97.53,90.27
2014-08-01,Binders,Canada,79.11,102.1,22.99
2014-09-01,Binders,Canada,219.75,91.55,-128.2
2014-10-01,Binders,Canada,12.75,0.0,-12.75
2014-11-01,Binders,Canada,9.27,57.74,48.47
2014-12-01,Binders,Canada,69.09,75.1,6.01
2014-01-01,Binders,EMEA,342.85,418.7,75.85
2014-02-01,Binders,EMEA,541.12,582.28,41.16
2014-03-01,Binders,EMEA,495.75,622.48,126.73
2014-04-01,Binders,EMEA,1000.73,786.76,-213.97
2014-05-01,Binders,EMEA,272.5,462.67,190.17
2014-06-01,Binders,EMEA,1097.39,870.26,-227.13
2014-07-01,Binders,EMEA,753.52,617.65,-135.87
2014-08-01,Binders,EMEA,1134.55,836.95,-297.6
2014-09-01,Binders,EMEA,1566.84,898.31,-668.53
2014-10-01,Binders,EMEA,912.59,894.88,-17.71
2014-11-01,Binders,EMEA,552.21,1065.2,512.99
2014-12-01,Binders,EMEA,1425.1,1335.41,-89.69
2014-01-01,Binders,EU,2219.08,1340.87,-878.21
2014-02-01,Binders,EU,1074.35,1437.48,363.13
2014-03-01,Binders,EU,1110.88,1360.08,249.2
2014-04-01,Binders,EU,1764.2,1799.75,35.55
2014-05-01,Binders,EU,2517.23,2613.57,96.34
2014-06-01,Binders,EU,3950.89,3338.59,-612.3
2014-07-01,Binders,EU,1331.34,1570.77,239.43
2014-08-01,Binders,EU,5768.41,3018.4,-2750.01
2014-09-01,Binders,EU,2668.54,2496.57,-171.97
2014-10-01,Binders,EU,1729.59,2090.38,360.79
2014-11-01,Binders,EU,4480.13,3842.47,-637.66
2014-12-01,Binders,EU,5761.85,4229.04,-1532.81
2014-01-01,Binders,LATAM,112.26,481.81,369.55
2014-02-01,Binders,LATAM,272.64,257.02,-15.62
2014-03-01,Binders,LATAM,931.72,849.45,-82.27
2014-04-01,Binders,LATAM,1122.61,1045.36,-77.25
2014-05-01,Binders,LATAM,897.7,1077.29,179.59
2014-06-01,Binders,LATAM,1843.38,1513.63,-329.75
2014-07-01,Binders,LATAM,514.25,833.13,318.88
2014-08-01,Binders,LATAM,943.39,1257.39,314.0
2014-09-01,Binders,LATAM,2351.52,1512.61,-838.91
2014-10-01,Binders,LATAM,2658.79,1511.38,-1147.41
2014-11-01,Binders,LATAM,2214.08,1706.67,-507.41
2014-12-01,Binders,LATAM,996.43,1719.9,723.47
2014-01-01,Binders,US,9634.97,6004.6,-3630.37
2014-02-01,Binders,US,616.88,105.06,-511.82
2014-03-01,Binders,US,2683.2,1973.02,-710.18
2014-04-01,Binders,US,4942.29,2489.99,-2452.3
2014-05-01,Binders,US,3013.97,3657.25,643.28
2014-06-01,Binders,US,2351.25,4587.68,2236.43
2014-07-01,Binders,US,1668.9,2777.34,1108.44
2014-08-01,Binders,US,13745.03,14757.02,1011.99
2014-09-01,Binders,US,12152.06,11467.94,-684.12
2014-10-01,Binders,US,10150.96,10257.39,106.43
2014-11-01,Binders,US,6422.09,9096.07,2673.98
2014-12-01,Binders,US,5604.57,8370.19,2765.62
2014-01-01,Bookcases,APAC,9806.23,11176.75,1370.52
2014-02-01,Bookcases,APAC,8140.72,6519.63,-1621.09
2014-03-01,Bookcases,APAC,13491.8,12908.99,-582.81
2014-04-01,Bookcases,APAC,5546.65,7347.56,1800.91
2014-05-01,Bookcases,APAC,13106.49,13048.86,-57.63
2014-06-01,Bookcases,APAC,21446.48,18878.91,-2567.57
2014-07-01,Bookcases,APAC,19157.63,16185.63,-2972.0
2014-08-01,Bookcases,APAC,13077.09,17079.32,4002.23
2014-09-01,Bookcases,APAC,22811.96,21736.63,-1075.33
2014-10-01,Bookcases,APAC,26648.42,21820.14,-4828.28
2014-11-01,Bookcases,APAC,15861.73,21124.18,5262.45
2014-12-01,Bookcases,APAC,12911.98,20133.0,7221.02
2014-01-01,Bookcases,Africa,911.14,3340.39,2429.25
2014-02-01,Bookcases,Africa,2684.43,1525.59,-1158.84
2014-03-01,Bookcases,Africa,178.78,0.0,-178.78
2014-04-01,Bookcases,Africa,1387.26,2302.39,915.13
2014-05-01,Bookcases,Africa,1621.41,1687.67,66.26
2014-06-01,Bookcases,Africa,3423.97,6318.18,2894.21
2014-07-01,Bookcases,Africa,51.1,0.0,-51.1
2014-08-01,Bookcases,Africa,6451.84,4290.15,-2161.69
2014-09-01,Bookcases,Africa,3419.25,3303.76,-115.49
2014-10-01,Bookcases,Africa,2973.54,1960.47,-1013.07
2014-11-01,Bookcases,Africa,2304.62,2802.44,497.82
2014-12-01,Bookcases,Africa,2265.28,3174.81,909.53
2014-01-01,Bookcases,Canada,913.92,73.16,-840.76
2014-02-01,Bookcases,Canada,0.0,196.87,196.87
2014-03-01,Bookcases,Canada,0.0,127.78,127.78
2014-04-01,Bookcases,Canada,0.0,118.6,118.6
2014-05-01,Bookcases,Canada,0.0,119.42,119.42
2014-06-01,Bookcases,Canada,0.0,123.0,123.0
2014-07-01,Bookcases,Canada,0.0,60.52,60.52
2014-08-01,Bookcases,Canada,146.28,185.71,39.43
2014-09-01,Bookcases,Canada,695.16,123.32,-571.84
2014-10-01,Bookcases,Canada,253.02,8.0,-245.02
2014-11-01,Bookcases,Canada,1758.0,262.24,-1495.76
2014-12-01,Bookcases,Canada,0.0,682.43,682.43
2014-01-01,Bookcases,EMEA,1314.21,1221.97,-92.24
2014-02-01,Bookcases,EMEA,2763.12,1165.14,-1597.98
2014-03-01,Bookcases,EMEA,1691.14,3487.75,1796.61
2014-04-01,Bookcases,EMEA,1702.91,1696.13,-6.78
2014-05-01,Bookcases,EMEA,1422.73,1666.28,243.55
2014-06-01,Bookcases,EMEA,3722.43,2412.6,-1309.83
2014-07-01,Bookcases,EMEA,1789.92,1201.05,-588.87
2014-08-01,Bookcases,EMEA,7448.5,4085.61,-3362.89
2014-09-01,Bookcases,EMEA,4882.3,3813.51,-1068.79
2014-10-01,Bookcases,EMEA,1305.83,2394.69,1088.86
2014-11-01,Bookcases,EMEA,2602.55,5440.46,2837.91
2014-12-01,Bookcases,EMEA,5987.32,6502.79,515.47
2014-01-01,Bookcases,EU,1954.94,7450.81,5495.87
2014-02-01,Bookcases,EU,6694.83,7339.83,645.0
2014-03-01,Bookcases,EU,9339.95,7686.93,-1653.02
2014-04-01,Bookcases,EU,16198.75,5534.46,-10664.29
2014-05-01,Bookcases,EU,3647.13,5016.18,1369.05
2014-06-01,Bookcases,EU,9233.58,11053.3,1819.72
2014-07-01,Bookcases,EU,7967.57,6313.48,-1654.09
2014-08-01,Bookcases,EU,16352.18,10429.07,-5923.11
2014-09-01,Bookcases,EU,26864.59,14382.29,-12482.3
2014-10-01,Bookcases,EU,4477.87,9150.77,4672.9
2014-11-01,Bookcases,EU,16145.43,13420.64,-2724.79
2014-12-01,Bookcases,EU,15115.5,17298.37,2182.87
2014-01-01,Bookcases,LATAM,452.66,3889.16,3436.5
2014-02-01,Bookcases,LATAM,4636.44,5894.28,1257.84
2014-03-01,Bookcases,LATAM,6572.12,4609.05,-1963.07
2014-04-01,Bookcases,LATAM,4481.28,5097.02,615.74
2014-05-01,Bookcases,LATAM,6379.37,5560.06,-819.31
2014-06-01,Bookcases,LATAM,10096.62,9751.71,-344.91
2014-07-01,Bookcases,LATAM,8599.7,6320.67,-2279.03
2014-08-01,Bookcases,LATAM,6986.76,8433.16,1446.4
2014-09-01,Bookcases,LATAM,10468.24,8511.92,-1956.32
2014-10-01,Bookcases,LATAM,11292.38,8969.4,-2322.98
2014-11-01,Bookcases,LATAM,15144.43,10685.62,-4458.81
2014-12-01,Bookcases,LATAM,13991.0,11413.17,-2577.83
2014-01-01,Bookcases,US,297.92,908.46,610.54
2014-02-01,Bookcases,US,1125.72,1712.98,587.26
2014-03-01,Bookcases,US,1722.86,3109.92,1387.06
2014-04-01,Bookcases,US,2183.84,1738.54,-445.3
2014-05-01,Bookcases,US,3732.13,1788.87,-1943.26
2014-06-01,Bookcases,US,4873.07,3844.06,-1029.01
2014-07-01,Bookcases,US,2136.27,3786.2,1649.93
2014-08-01,Bookcases,US,460.09,2879.65,2419.56
2014-09-01,Bookcases,US,3635.86,4302.61,666.75
2014-10-01,Bookcases,US,4079.73,3894.02,-185.71
2014-11-01,Bookcases,US,2122.69,4821.76,2699.07
2014-12-01,Bookcases,US,3654.1,4141.28,487.18
2014-01-01,Chairs,APAC,19920.55,14701.48,-5219.07
2014-02-01,Chairs,APAC,9213.45,9551.24,337.79
2014-03-01,Chairs,APAC,12224.39,9998.73,-2225.66
2014-04-01,Chairs,APAC,5108.23,9692.83,4584.6
2014-05-01,Chairs,APAC,10429.36,11635.1,1205.74
2014-06-01,Chairs,APAC,16809.38,16137.88,-671.5
2014-07-01,Chairs,APAC,5051.35,11966.78,6915.43
2014-08-01,Chairs,APAC,19640.44,15400.14,-4240.3
2014-09-01,Chairs,APAC,22616.23,16448.22,-6168.01
2014-10-01,Chairs,APAC,21930.77,17131.93,-4798.84
2014-11-01,Chairs,APAC,24105.5,19907.56,-4197.94
2014-12-01,Chairs,APAC,15457.99,17830.78,2372.79
2014-01-01,Chairs,Africa,2258.86,2497.62,238.76
2014-02-01,Chairs,Africa,489.84,521.79,31.95
2014-03-01,Chairs,Africa,981.51,1968.53,987.02
2014-04-01,Chairs,Africa,3386.01,1454.58,-1931.43
2014-05-01,Chairs,Africa,2475.24,2767.74,292.5
2014-06-01,Chairs,Africa,1980.32,1583.75,-396.57
2014-07-01,Chairs,Africa,235.32,531.3,295.98
2014-08-01,Chairs,Africa,652.53,3687.27,3034.74
2014-09-01,Chairs,Africa,877.61,2437.05,1559.44
2014-10-01,Chairs,Africa,533.61,989.57,455.96
2014-11-01,Chairs,Africa,1358.46,1221.45,-137.01
2014-12-01,Chairs,Africa,3406.76,2427.3,-979.46
2014-01-01,Chairs,Canada,0.0,141.32,141.32
2014-02-01,Chairs,Canada,137.16,154.19,17.03
2014-03-01,Chairs,Canada,0.0,161.16,161.16
2014-04-01,Chairs,Canada,148.5,46.15,-102.35
2014-05-01,Chairs,Canada,0.0,49.17,49.17
2014-06-01,Chairs,Canada,84.72,63.34,-21.38
2014-07-01,Chairs,Canada,0.0,31.83,31.83
2014-08-01,Chairs,Canada,0.0,84.04,84.04
2014-09-01,Chairs,Canada,58.02,34.19,-23.83
2014-10-01,Chairs,Canada,967.32,130.05,-837.27
2014-11-01,Chairs,Canada,0.0,100.34,100.34
2014-12-01,Chairs,Canada,396.93,90.69,-306.24
2014-01-01,Chairs,EMEA,644.74,840.37,195.63
2014-02-01,Chairs,EMEA,3177.77,2334.58,-843.19
2014-03-01,Chairs,EMEA,3613.58,1528.1,-2085.48
2014-04-01,Chairs,EMEA,1043.9,1274.45,230.55
2014-05-01,Chairs,EMEA,8556.32,2592.79,-5963.53
2014-06-01,Chairs,EMEA,1935.42,2787.67,852.25
2014-07-01,Chairs,EMEA,1218.35,2838.71,1620.36
2014-08-01,Chairs,EMEA,2689.73,3324.41,634.68
2014-09-01,Chairs,EMEA,2967.55,2818.46,-149.09
2014-10-01,Chairs,EMEA,1424.43,1632.63,208.2
2014-11-01,Chairs,EMEA,850.26,2734.73,1884.47
2014-12-01,Chairs,EMEA,2146.11,4356.47,2210.36
2014-01-01,Chairs,EU,3092.25,3284.06,191.81
2014-02-01,Chairs,EU,4599.68,3778.17,-821.51
2014-03-01,Chairs,EU,4518.33,5454.08,935.75
2014-04-01,Chairs,EU,1879.57,3019.91,1140.34
2014-05-01,Chairs,EU,4627.2,5185.99,558.79
2014-06-01,Chairs,EU,8701.4,10383.29,1681.89
2014-07-01,Chairs,EU,3584.86,6510.82,2925.96
2014-08-01,Chairs,EU,7003.73,6129.12,-874.61
2014-09-01,Chairs,EU,6169.27,5787.55,-381.72
2014-10-01,Chairs,EU,2496.71,5564.55,3067.84
2014-11-01,Chairs,EU,14430.89,8873.41,-5557.48
2014-12-01,Chairs,EU,7205.64,5586.22,-1619.42
2014-01-01,Chairs,LATAM,5144.62,4558.7,-585.92
2014-02-01,Chairs,LATAM,1646.44,2436.11,789.67
2014-03-01,Chairs,LATAM,6063.14,5371.25,-691.89
2014-04-01,Chairs,LATAM,3935.23,3540.26,-394.97
2014-05-01,Chairs,LATAM,4908.1,6006.06,1097.96
2014-06-01,Chairs,LATAM,8048.26,8163.36,115.1
2014-07-01,Chairs,LATAM,7001.69,5502.62,-1499.07
2014-08-01,Chairs,LATAM,2491.83,6382.5,3890.67
2014-09-01,Chairs,LATAM,10436.44,8221.35,-2215.09
2014-10-01,Chairs,LATAM,12334.34,8041.38,-4292.96
2014-11-01,Chairs,LATAM,12384.9,8777.18,-3607.72
2014-12-01,Chairs,LATAM,21914.88,9954.92,-11959.96
2014-01-01,Chairs,US,2248.45,4035.31,1786.86
2014-02-01,Chairs,US,3552.13,5458.73,1906.6
2014-03-01,Chairs,US,5524.91,5859.08,334.17
2014-04-01,Chairs,US,2099.29,4745.04,2645.75
2014-05-01,Chairs,US,9137.31,6780.34,-2356.97
2014-06-01,Chairs,US,7925.66,7923.21,-2.45
2014-07-01,Chairs,US,4538.81,6127.98,1589.17
2014-08-01,Chairs,US,8849.45,11004.6,2155.15
2014-09-01,Chairs,US,17481.24,9681.36,-7799.88
2014-10-01,Chairs,US,4669.43,6813.95,2144.52
2014-11-01,Chairs,US,12239.0,12779.2,540.2
2014-12-01,Chairs,US,17288.67,11721.91,-5566.76
2014-01-01,Copiers,APAC,11240.74,10840.77,-399.97
2014-02-01,Copiers,APAC,9342.46,7381.1,-1961.36
2014-03-01,Copiers,APAC,19503.27,13377.4,-6125.87
2014-04-01,Copiers,APAC,5576.09,8779.71,3203.62
2014-05-01,Copiers,APAC,9017.48,12643.63,3626.15
2014-06-01,Copiers,APAC,22095.57,16260.57,-5835.0
2014-07-01,Copiers,APAC,7158.69,14219.9,7061.21
2014-08-01,Copiers,APAC,15192.85,16002.18,809.33
2014-09-01,Copiers,APAC,19397.96,18166.75,-1231.21
2014-10-01,Copiers,APAC,26452.9,20424.05,-6028.85
2014-11-01,Copiers,APAC,14423.09,22289.41,7866.32
2014-12-01,Copiers,APAC,10030.51,14713.71,4683.2
2014-01-01,Copiers,Africa,908.8,3361.26,2452.46
2014-02-01,Copiers,Africa,1510.8,2329.69,818.89
2014-03-01,Copiers,Africa,759.98,1282.27,522.29
2014-04-01,Copiers,Africa,463.68,422.17,-41.51
2014-05-01,Copiers,Africa,3868.23,1786.76,-2081.47
2014-06-01,Copiers,Africa,1293.33,3437.22,2143.89
2014-07-01,Copiers,Africa,1214.43,2127.86,913.43
2014-08-01,Copiers,Africa,2298.03,2628.53,330.5
2014-09-01,Copiers,Africa,4876.18,3892.76,-983.42
2014-10-01,Copiers,Africa,8555.74,4241.46,-4314.28
2014-11-01,Copiers,Africa,6543.77,6972.85,429.08
2014-12-01,Copiers,Africa,5566.4,11580.13,6013.73
2014-01-01,Copiers,Canada,0.0,90.21,90.21
2014-02-01,Copiers,Canada,0.0,39.29,39.29
2014-03-01,Copiers,Canada,0.0,52.88,52.88
2014-04-01,Copiers,Canada,0.0,51.8,51.8
2014-05-01,Copiers,Canada,0.0,429.18,429.18
2014-06-01,Copiers,Canada,0.0,691.95,691.95
2014-07-01,Copiers,Canada,0.0,650.81,650.81
2014-08-01,Copiers,Canada,0.0,873.65,873.65
2014-09-01,Copiers,Canada,0.0,595.87,595.87
2014-10-01,Copiers,Canada,0.0,598.52,598.52
2014-11-01,Copiers,Canada,0.0,626.16,626.16
2014-12-01,Copiers,Canada,0.0,626.16,626.16
2014-01-01,Copiers,EMEA,1653.0,1029.68,-623.32
2014-02-01,Copiers,EMEA,2217.21,1646.93,-570.28
2014-03-01,Copiers,EMEA,1893.85,2881.16,987.31
2014-04-01,Copiers,EMEA,1122.9,1872.8,749.9
2014-05-01,Copiers,EMEA,2618.2,2306.1,-312.1
2014-06-01,Copiers,EMEA,2175.68,4123.01,1947.33
2014-07-01,Copiers,EMEA,2661.63,2101.06,-560.57
2014-08-01,Copiers,EMEA,1813.08,3803.88,1990.8
2014-09-01,Copiers,EMEA,7661.48,3941.48,-3720.0
2014-10-01,Copiers,EMEA,637.08,2412.31,1775.23
2014-11-01,Copiers,EMEA,666.84,3043.18,2376.34
2014-12-01,Copiers,EMEA,8349.02,5298.85,-3050.17
2014-01-01,Copiers,EU,16364.81,7764.68,-8600.13
2014-02-01,Copiers,EU,8502.57,6909.33,-1593.24
2014-03-01,Copiers,EU,8787.51,5716.77,-3070.74
2014-04-01,Copiers,EU,10407.31,7877.02,-2530.29
2014-05-01,Copiers,EU,7547.23,13306.38,5759.15
2014-06-01,Copiers,EU,7301.48,13219.37,5917.89
2014-07-01,Copiers,EU,3242.3,8308.42,5066.12
2014-08-01,Copiers,EU,15781.2,12603.32,-3177.88
2014-09-01,Copiers,EU,18498.95,12858.56,-5640.39
2014-10-01,Copiers,EU,13168.17,11907.85,-1260.32
2014-11-01,Copiers,EU,15525.1,17179.79,1654.69
2014-12-01,Copiers,EU,17206.61,14071.14,-3135.47
2014-01-01,Copiers,LATAM,1384.87,4360.41,2975.54
2014-02-01,Copiers,LATAM,2130.95,1759.64,-371.31
2014-03-01,Copiers,LATAM,3355.5,4811.45,1455.95
2014-04-01,Copiers,LATAM,5138.41,5771.86,633.45
2014-05-01,Copiers,LATAM,5788.58,3784.24,-2004.34
2014-06-01,Copiers,LATAM,11282.6,8605.02,-2677.58
2014-07-01,Copiers,LATAM,8055.82,6182.65,-1873.17
2014-08-01,Copiers,LATAM,5795.61,4193.75,-1601.86
2014-09-01,Copiers,LATAM,16363.7,8603.49,-7760.21
2014-10-01,Copiers,LATAM,14800.36,9368.74,-5431.62
2014-11-01,Copiers,LATAM,20337.08,10220.04,-10117.04
2014-12-01,Copiers,LATAM,9957.84,11698.89,1741.05
2014-01-01,Copiers,US,2999.95,8097.17,5097.22
2014-02-01,Copiers,US,0.0,10247.57,10247.57
2014-03-01,Copiers,US,18319.87,9228.86,-9091.01
2014-04-01,Copiers,US,2999.95,7364.23,4364.28
2014-05-01,Copiers,US,3359.95,6013.64,2653.69
2014-06-01,Copiers,US,0.0,5038.88,5038.88
2014-07-01,Copiers,US,3479.91,4550.91,1071.0
2014-08-01,Copiers,US,1179.97,7331.46,6151.49
2014-09-01,Copiers,US,319.98,5701.62,5381.64
2014-10-01,Copiers,US,11199.97,13684.06,2484.09
2014-11-01,Copiers,US,12359.94,8291.51,-4068.43
2014-12-01,Copiers,US,6679.89,8701.27,2021.38
2014-01-01,Envelopes,APAC,1245.35,1033.21,-212.14
2014-02-01,Envelopes,APAC,347.46,866.14,518.68
2014-03-01,Envelopes,APAC,1685.25,903.66,-781.59
2014-04-01,Envelopes,APAC,649.84,768.37,118.53
2014-05-01,Envelopes,APAC,2476.81,1717.18,-759.63
2014-06-01,Envelopes,APAC,1737.94,1707.01,-30.93
2014-07-01,Envelopes,APAC,447.64,381.25,-66.39
2014-08-01,Envelopes,APAC,1919.56,1478.0,-441.56
2014-09-01,Envelopes,APAC,1534.91,2086.33,551.42
2014-10-01,Envelopes,APAC,2632.88,1777.85,-855.03
2014-11-01,Envelopes,APAC,1991.41,1666.76,-324.65
2014-12-01,Envelopes,APAC,2024.48,1276.12,-748.36
2014-01-01,Envelopes,Africa,307.26,257.88,-49.38
2014-02-01,Envelopes,Africa,61.86,189.19,127.33
2014-03-01,Envelopes,Africa,472.8,233.75,-239.05
2014-04-01,Envelopes,Africa,298.2,204.5,-93.7
2014-05-01,Envelopes,Africa,340.55,575.21,234.66
2014-06-01,Envelopes,Africa,97.56,316.21,218.65
2014-07-01,Envelopes,Africa,429.96,303.11,-126.85
2014-08-01,Envelopes,Africa,139.33,424.64,285.31
2014-09-01,Envelopes,Africa,304.26,363.33,59.07
2014-10-01,Envelopes,Africa,105.27,156.77,51.5
2014-11-01,Envelopes,Africa,441.37,360.55,-80.82
2014-12-01,Envelopes,Africa,247.45,329.97,82.52
2014-01-01,Envelopes,Canada,0.0,35.07,35.07
2014-02-01,Envelopes,Canada,15.6,0.0,-15.6
2014-03-01,Envelopes,Canada,27.09,55.36,28.27
2014-04-01,Envelopes,Canada,0.0,33.34,33.34
2014-05-01,Envelopes,Canada,0.0,31.86,31.86
2014-06-01,Envelopes,Canada,0.0,68.01,68.01
2014-07-01,Envelopes,Canada,0.0,12.5,12.5
2014-08-01,Envelopes,Canada,0.0,33.8,33.8
2014-09-01,Envelopes,Canada,0.0,32.73,32.73
2014-10-01,Envelopes,Canada,27.09,3.23,-23.86
2014-11-01,Envelopes,Canada,0.0,58.2,58.2
2014-12-01,Envelopes,Canada,0.0,38.64,38.64
2014-01-01,Envelopes,EMEA,130.8,195.87,65.07
2014-02-01,Envelopes,EMEA,280.52,269.16,-11.36
2014-03-01,Envelopes,EMEA,466.54,365.13,-101.41
2014-04-01,Envelopes,EMEA,222.78,242.03,19.25
2014-05-01,Envelopes,EMEA,133.49,413.32,279.83
2014-06-01,Envelopes,EMEA,558.38,332.79,-225.59
2014-07-01,Envelopes,EMEA,110.37,539.67,429.3
2014-08-01,Envelopes,EMEA,311.4,648.43,337.03
2014-09-01,Envelopes,EMEA,322.75,387.55,64.8
2014-10-01,Envelopes,EMEA,598.18,503.27,-94.91
2014-11-01,Envelopes,EMEA,357.95,612.65,254.7
2014-12-01,Envelopes,EMEA,301.89,450.78,148.89
2014-01-01,Envelopes,EU,957.59,1299.16,341.57
2014-02-01,Envelopes,EU,967.77,1220.97,253.2
2014-03-01,Envelopes,EU,978.48,763.92,-214.56
2014-04-01,Envelopes,EU,304.22,646.23,342.01
2014-05-01,Envelopes,EU,412.71,1237.18,824.47
2014-06-01,Envelopes,EU,1492.82,1625.29,132.47
2014-07-01,Envelopes,EU,408.06,830.7,422.64
2014-08-01,Envelopes,EU,1318.92,1663.5,344.58
2014-09-01,Envelopes,EU,1117.23,1696.26,579.03
2014-10-01,Envelopes,EU,1095.46,1341.17,245.71
2014-11-01,Envelopes,EU,1741.44,1636.42,-105.02
2014-12-01,Envelopes,EU,1740.69,1733.09,-7.6
2014-01-01,Envelopes,LATAM,382.26,129.13,-253.13
2014-02-01,Envelopes,LATAM,54.18,218.98,164.8
2014-03-01,Envelopes,LATAM,718.54,897.13,178.59
2014-04-01,Envelopes,LATAM,1267.32,904.77,-362.55
2014-05-01,Envelopes,LATAM,999.12,992.6,-6.52
2014-06-01,Envelopes,LATAM,1482.38,1204.82,-277.56
2014-07-01,Envelopes,LATAM,783.46,1023.25,239.79
2014-08-01,Envelopes,LATAM,629.4,1267.36,637.96
2014-09-01,Envelopes,LATAM,1251.55,1450.96,199.41
2014-10-01,Envelopes,LATAM,1739.24,1567.33,-171.91
2014-11-01,Envelopes,LATAM,1235.7,1497.96,262.26
2014-12-01,Envelopes,LATAM,1837.25,1440.25,-397.0
2014-01-01,Envelopes,US,320.48,597.05,276.57
2014-02-01,Envelopes,US,10.64,48.31,37.67
2014-03-01,Envelopes,US,517.02,466.91,-50.11
2014-04-01,Envelopes,US,64.07,288.15,224.08
2014-05-01,Envelopes,US,432.8,386.74,-46.06
2014-06-01,Envelopes,US,81.53,334.78,253.25
2014-07-01,Envelopes,US,57.9,236.35,178.45
2014-08-01,Envelopes,US,135.16,493.12,357.96
2014-09-01,Envelopes,US,395.64,476.87,81.23
2014-10-01,Envelopes,US,419.94,463.49,43.55
2014-11-01,Envelopes,US,528.54,616.18,87.64
2014-12-01,Envelopes,US,414.86,740.63,325.77
2014-01-01,Fasteners,APAC,712.68,239.7,-472.98
2014-02-01,Fasteners,APAC,506.4,437.85,-68.55
2014-03-01,Fasteners,APAC,289.71,213.45,-76.26
2014-04-01,Fasteners,APAC,580.21,601.59,21.38
2014-05-01,Fasteners,APAC,799.97,670.49,-129.48
2014-06-01,Fasteners,APAC,1670.14,803.82,-866.32
2014-07-01,Fasteners,APAC,469.25,341.27,-127.98
2014-08-01,Fasteners,APAC,530.51,718.12,187.61
2014-09-01,Fasteners,APAC,688.59,866.4,177.81
2014-10-01,Fasteners,APAC,917.05,890.51,-26.54
2014-11-01,Fasteners,APAC,1565.87,943.34,-622.53
2014-12-01,Fasteners,APAC,910.05,801.02,-109.03
2014-01-01,Fasteners,Africa,44.29,52.14,7.85
2014-02-01,Fasteners,Africa,57.27,75.18,17.91
2014-03-01,Fasteners,Africa,486.64,141.35,-345.29
2014-04-01,Fasteners,Africa,123.14,93.97,-29.17
2014-05-01,Fasteners,Africa,79.92,104.15,24.23
2014-06-01,Fasteners,Africa,542.98,311.94,-231.04
2014-07-01,Fasteners,Africa,216.33,116.36,-99.97
2014-08-01,Fasteners,Africa,178.11,305.91,127.8
2014-09-01,Fasteners,Africa,81.11,32.58,-48.53
2014-10-01,Fasteners,Africa,184.46,37.48,-146.98
2014-11-01,Fasteners,Africa,427.18,257.83,-169.35
2014-12-01,Fasteners,Africa,253.77,294.78,41.01
2014-01-01,Fasteners,Canada,0.0,2.69,2.69
2014-02-01,Fasteners,Canada,0.0,3.49,3.49
2014-03-01,Fasteners,Canada,0.0,0.0,0.0
2014-04-01,Fasteners,Canada,0.0,0.0,0.0
2014-05-01,Fasteners,Canada,0.0,9.58,9.58
2014-06-01,Fasteners,Canada,13.86,31.12,17.26
2014-07-01,Fasteners,Canada,0.0,0.0,0.0
2014-08-01,Fasteners,Canada,28.98,9.96,-19.02
2014-09-01,Fasteners,Canada,16.71,10.86,-5.85
2014-10-01,Fasteners,Canada,22.08,0.0,-22.08
2014-11-01,Fasteners,Canada,29.13,21.28,-7.85
2014-12-01,Fasteners,Canada,0.0,20.92,20.92
2014-01-01,Fasteners,EMEA,13.14,4.02,-9.12
2014-02-01,Fasteners,EMEA,186.7,96.69,-90.01
2014-03-01,Fasteners,EMEA,181.94,206.03,24.09
2014-04-01,Fasteners,EMEA,244.0,169.43,-74.57
2014-05-01,Fasteners,EMEA,247.19,172.71,-74.48
2014-06-01,Fasteners,EMEA,444.94,341.04,-103.9
2014-07-01,Fasteners,EMEA,162.28,123.41,-38.87
2014-08-01,Fasteners,EMEA,224.12,268.05,43.93
2014-09-01,Fasteners,EMEA,65.89,282.73,216.84
2014-10-01,Fasteners,EMEA,64.18,238.99,174.81
2014-11-01,Fasteners,EMEA,154.68,120.88,-33.8
2014-12-01,Fasteners,EMEA,378.69,251.89,-126.8
2014-01-01,Fasteners,EU,387.71,274.57,-113.14
2014-02-01,Fasteners,EU,368.34,355.39,-12.95
2014-03-01,Fasteners,EU,230.96,385.31,154.35
2014-04-01,Fasteners,EU,470.61,281.68,-188.93
2014-05-01,Fasteners,EU,394.28,518.24,123.96
2014-06-01,Fasteners,EU,689.43,683.86,-5.57
2014-07-01,Fasteners,EU,301.62,599.29,297.67
2014-08-01,Fasteners,EU,1208.27,783.79,-424.48
2014-09-01,Fasteners,EU,673.68,703.45,29.77
2014-10-01,Fasteners,EU,612.3,591.75,-20.55
2014-11-01,Fasteners,EU,845.79,771.52,-74.27
2014-12-01,Fasteners,EU,632.28,777.62,145.34
2014-01-01,Fasteners,LATAM,102.29,165.24,62.95
2014-02-01,Fasteners,LATAM,90.2,100.48,10.28
2014-03-01,Fasteners,LATAM,282.93,368.13,85.2
2014-04-01,Fasteners,LATAM,551.1,397.08,-154.02
2014-05-01,Fasteners,LATAM,445.51,518.42,72.91
2014-06-01,Fasteners,LATAM,742.67,735.15,-7.52
2014-07-01,Fasteners,LATAM,311.63,383.66,72.03
2014-08-01,Fasteners,LATAM,200.07,577.5,377.43
2014-09-01,Fasteners,LATAM,948.42,643.88,-304.54
2014-10-01,Fasteners,LATAM,1033.91,742.87,-291.04
2014-11-01,Fasteners,LATAM,888.62,668.24,-220.38
2014-12-01,Fasteners,LATAM,494.83,786.71,291.88
2014-01-01,Fasteners,US,43.04,77.26,34.22
2014-02-01,Fasteners,US,68.88,74.46,5.58
2014-03-01,Fasteners,US,24.68,1.51,-23.17
2014-04-01,Fasteners,US,27.79,88.89,61.1
2014-05-01,Fasteners,US,44.07,106.82,62.75
2014-06-01,Fasteners,US,28.31,115.97,87.66
2014-07-01,Fasteners,US,13.8,87.71,73.91
2014-08-01,Fasteners,US,59.32,152.62,93.3
2014-09-01,Fasteners,US,167.1,135.41,-31.69
2014-10-01,Fasteners,US,72.36,129.75,57.39
2014-11-01,Fasteners,US,135.84,206.52,70.68
2014-12-01,Fasteners,US,172.4,140.02,-32.38
2014-01-01,Furnishings,APAC,2176.33,1487.84,-688.49
2014-02-01,Furnishings,APAC,1863.45,1957.28,93.83
2014-03-01,Furnishings,APAC,2977.1,2143.17,-833.93
2014-04-01,Furnishings,APAC,1848.56,2110.19,261.63
2014-05-01,Furnishings,APAC,1773.32,2682.54,909.22
2014-06-01,Furnishings,APAC,2239.78,3176.01,936.23
2014-07-01,Furnishings,APAC,2233.22,2959.69,726.47
2014-08-01,Furnishings,APAC,3307.38,3564.16,256.78
2014-09-01,Furnishings,APAC,4088.44,3550.14,-538.3
2014-10-01,Furnishings,APAC,3493.1,3363.25,-129.85
2014-11-01,Furnishings,APAC,3982.25,3524.3,-457.95
2014-12-01,Furnishings,APAC,3606.74,3519.4,-87.34
2014-01-01,Furnishings,Africa,376.55,494.0,117.45
2014-02-01,Furnishings,Africa,132.3,319.58,187.28
2014-03-01,Furnishings,Africa,829.52,644.82,-184.7
2014-04-01,Furnishings,Africa,306.97,489.77,182.8
2014-05-01,Furnishings,Africa,255.67,599.15,343.48
2014-06-01,Furnishings,Africa,1086.81,514.85,-571.96
2014-07-01,Furnishings,Africa,252.84,380.13,127.29
2014-08-01,Furnishings,Africa,621.26,933.93,312.67
2014-09-01,Furnishings,Africa,1588.66,874.72,-713.94
2014-10-01,Furnishings,Africa,181.98,398.61,216.63
2014-11-01,Furnishings,Africa,710.73,612.09,-98.64
2014-12-01,Furnishings,Africa,754.0,1066.81,312.81
2014-01-01,Furnishings,Canada,0.0,40.6,40.6
2014-02-01,Furnishings,Canada,0.0,40.6,40.6
2014-03-01,Furnishings,Canada,0.0,41.45,41.45
2014-04-01,Furnishings,Canada,0.0,41.45,41.45
2014-05-01,Furnishings,Canada,0.0,43.57,43.57
2014-06-01,Furnishings,Canada,141.51,80.01,-61.5
2014-07-01,Furnishings,Canada,0.0,17.69,17.69
2014-08-01,Furnishings,Canada,0.0,45.81,45.81
2014-09-01,Furnishings,Canada,0.0,44.73,44.73
2014-10-01,Furnishings,Canada,0.0,10.64,10.64
2014-11-01,Furnishings,Canada,0.0,47.33,47.33
2014-12-01,Furnishings,Canada,47.34,47.33,-0.01
2014-01-01,Furnishings,EMEA,1235.22,637.13,-598.09
2014-02-01,Furnishings,EMEA,43.95,251.94,207.99
2014-03-01,Furnishings,EMEA,163.74,525.64,361.9
2014-04-01,Furnishings,EMEA,345.45,490.71,145.26
2014-05-01,Furnishings,EMEA,537.0,364.02,-172.98
2014-06-01,Furnishings,EMEA,878.35,940.47,62.12
2014-07-01,Furnishings,EMEA,1187.44,847.66,-339.78
2014-08-01,Furnishings,EMEA,625.15,1096.08,470.93
2014-09-01,Furnishings,EMEA,711.58,1055.87,344.29
2014-10-01,Furnishings,EMEA,951.44,1052.77,101.33
2014-11-01,Furnishings,EMEA,386.54,1157.27,770.73
2014-12-01,Furnishings,EMEA,2245.54,1049.58,-1195.96
2014-01-01,Furnishings,EU,2127.41,1768.1,-359.31
2014-02-01,Furnishings,EU,1732.6,1661.56,-71.04
2014-03-01,Furnishings,EU,1773.55,1752.95,-20.6
2014-04-01,Furnishings,EU,2772.36,1744.47,-1027.89
2014-05-01,Furnishings,EU,472.72,2158.27,1685.55
2014-06-01,Furnishings,EU,3434.13,2762.23,-671.9
2014-07-01,Furnishings,EU,1529.63,2264.85,735.22
2014-08-01,Furnishings,EU,4367.36,2669.1,-1698.26
2014-09-01,Furnishings,EU,3032.51,3665.03,632.52
2014-10-01,Furnishings,EU,485.22,2461.65,1976.43
2014-11-01,Furnishings,EU,3462.72,3566.54,103.82
2014-12-01,Furnishings,EU,3798.88,3276.91,-521.97
2014-01-01,Furnishings,LATAM,1087.5,1382.97,295.47
2014-02-01,Furnishings,LATAM,491.62,567.29,75.67
2014-03-01,Furnishings,LATAM,934.19,1272.58,338.39
2014-04-01,Furnishings,LATAM,249.83,1154.08,904.25
2014-05-01,Furnishings,LATAM,2343.32,1974.18,-369.14
2014-06-01,Furnishings,LATAM,1978.44,2610.95,632.51
2014-07-01,Furnishings,LATAM,921.3,1360.78,439.48
2014-08-01,Furnishings,LATAM,920.51,1891.53,971.02
2014-09-01,Furnishings,LATAM,2902.22,2409.72,-492.5
2014-10-01,Furnishings,LATAM,3121.87,2507.63,-614.24
2014-11-01,Furnishings,LATAM,2931.82,2096.46,-835.36
2014-12-01,Furnishings,LATAM,2046.3,2226.71,180.41
2014-01-01,Furnishings,US,931.22,1428.2,496.98
2014-02-01,Furnishings,US,864.64,1362.1,497.46
2014-03-01,Furnishings,US,872.45,1343.93,471.48
2014-04-01,Furnishings,US,2454.98,1638.8,-816.18
2014-05-01,Furnishings,US,2046.2,2412.89,366.69
2014-06-01,Furnishings,US,1400.4,2474.97,1074.57
2014-07-01,Furnishings,US,3400.77,2709.83,-690.94
2014-08-01,Furnishings,US,1461.99,3231.95,1769.96
2014-09-01,Furnishings,US,2982.5,3267.13,284.63
2014-10-01,Furnishings,US,1724.13,2301.48,577.35
2014-11-01,Furnishings,US,6688.29,3993.86,-2694.43
2014-12-01,Furnishings,US,4087.5,3961.36,-126.14
2014-01-01,Labels,APAC,713.03,333.97,-379.06
2014-02-01,Labels,APAC,268.11,326.45,58.34
2014-03-01,Labels,APAC,408.8,367.26,-41.54
2014-04-01,Labels,APAC,534.48,411.16,-123.32
2014-05-01,Labels,APAC,601.86,433.06,-168.8
2014-06-01,Labels,APAC,1199.29,621.95,-577.34
2014-07-01,Labels,APAC,376.72,472.0,95.28
2014-08-01,Labels,APAC,1167.5,577.89,-589.61
2014-09-01,Labels,APAC,700.5,492.22,-208.28
2014-10-01,Labels,APAC,804.83,518.22,-286.61
2014-11-01,Labels,APAC,811.8,598.34,-213.46
2014-12-01,Labels,APAC,612.4,472.19,-140.21
2014-01-01,Labels,Africa,147.79,165.7,17.91
2014-02-01,Labels,Africa,87.24,85.38,-1.86
2014-03-01,Labels,Africa,82.82,154.79,71.97
2014-04-01,Labels,Africa,87.09,81.95,-5.14
2014-05-01,Labels,Africa,125.33,203.98,78.65
2014-06-01,Labels,Africa,209.54,247.94,38.4
2014-07-01,Labels,Africa,174.2,210.96,36.76
2014-08-01,Labels,Africa,122.76,145.48,22.72
2014-09-01,Labels,Africa,47.07,118.14,71.07
2014-10-01,Labels,Africa,192.86,166.31,-26.55
2014-11-01,Labels,Africa,145.42,256.82,111.4
2014-12-01,Labels,Africa,162.02,261.28,99.26
2014-01-01,Labels,Canada,0.0,0.0,0.0
2014-02-01,Labels,Canada,20.16,7.36,-12.8
2014-03-01,Labels,Canada,32.7,4.25,-28.45
2014-04-01,Labels,Canada,0.0,3.89,3.89
2014-05-01,Labels,Canada,21.72,5.72,-16.0
2014-06-01,Labels,Canada,44.13,13.78,-30.35
2014-07-01,Labels,Canada,41.4,0.0,-41.4
2014-08-01,Labels,Canada,26.64,0.0,-26.64
2014-09-01,Labels,Canada,19.8,6.91,-12.89
2014-10-01,Labels,Canada,0.0,0.0,0.0
2014-11-01,Labels,Canada,0.0,14.59,14.59
2014-12-01,Labels,Canada,0.0,16.04,16.04
2014-01-01,Labels,EMEA,45.33,53.56,8.23
2014-02-01,Labels,EMEA,122.2,119.84,-2.36
2014-03-01,Labels,EMEA,46.61,71.39,24.78
2014-04-01,Labels,EMEA,110.14,81.81,-28.33
2014-05-01,Labels,EMEA,113.11,163.8,50.69
2014-06-01,Labels,EMEA,157.93,180.35,22.42
2014-07-01,Labels,EMEA,105.12,47.74,-57.38
2014-08-01,Labels,EMEA,145.27,214.11,68.84
2014-09-01,Labels,EMEA,299.61,213.43,-86.18
2014-10-01,Labels,EMEA,20.74,39.35,18.61
2014-11-01,Labels,EMEA,231.8,161.69,-70.11
2014-12-01,Labels,EMEA,126.16,73.97,-52.19
2014-01-01,Labels,EU,454.55,266.28,-188.27
2014-02-01,Labels,EU,255.1,242.39,-12.71
2014-03-01,Labels,EU,156.57,303.5,146.93
2014-04-01,Labels,EU,246.27,324.32,78.05
2014-05-01,Labels,EU,240.71,227.01,-13.7
2014-06-01,Labels,EU,729.34,503.95,-225.39
2014-07-01,Labels,EU,335.82,446.48,110.66
2014-08-01,Labels,EU,1034.22,569.26,-464.96
2014-09-01,Labels,EU,620.28,511.4,-108.88
2014-10-01,Labels,EU,292.59,402.66,110.07
2014-11-01,Labels,EU,581.14,500.47,-80.67
2014-12-01,Labels,EU,899.01,418.52,-480.49
2014-01-01,Labels,LATAM,59.3,130.61,71.31
2014-02-01,Labels,LATAM,26.32,116.11,89.79
2014-03-01,Labels,LATAM,297.85,202.65,-95.2
2014-04-01,Labels,LATAM,392.44,290.73,-101.71
2014-05-01,Labels,LATAM,325.38,404.08,78.7
2014-06-01,Labels,LATAM,563.35,560.1,-3.25
2014-07-01,Labels,LATAM,232.62,361.41,128.79
2014-08-01,Labels,LATAM,293.21,514.22,221.01
2014-09-01,Labels,LATAM,661.72,575.75,-85.97
2014-10-01,Labels,LATAM,632.06,422.0,-210.06
2014-11-01,Labels,LATAM,705.94,499.7,-206.24
2014-12-01,Labels,LATAM,477.48,560.4,82.92
2014-01-01,Labels,US,22.74,86.12,63.38
2014-02-01,Labels,US,30.52,90.22,59.7
2014-03-01,Labels,US,224.1,169.82,-54.28
2014-04-01,Labels,US,171.29,130.48,-40.81
2014-05-01,Labels,US,408.64,291.37,-117.27
2014-06-01,Labels,US,180.29,351.21,170.92
2014-07-01,Labels,US,983.96,453.75,-530.21
2014-08-01,Labels,US,398.92,431.9,32.98
2014-09-01,Labels,US,540.59,481.35,-59.24
2014-10-01,Labels,US,413.51,345.12,-68.39
2014-11-01,Labels,US,207.93,448.95,241.02
2014-12-01,Labels,US,278.72,386.95,108.23
2014-01-01,Machines,APAC,4603.15,3346.92,-1256.23
2014-02-01,Machines,APAC,1974.72,3082.25,1107.53
2014-03-01,Machines,APAC,1681.61,2305.13,623.52
2014-04-01,Machines,APAC,3346.3,3332.03,-14.27
2014-05-01,Machines,APAC,4656.05,4683.25,27.2
2014-06-01,Machines,APAC,4566.72,4895.56,328.84
2014-07-01,Machines,APAC,5359.71,7130.1,1770.39
2014-08-01,Machines,APAC,8587.3,5507.86,-3079.44
2014-09-01,Machines,APAC,9258.97,5197.77,-4061.2
2014-10-01,Machines,APAC,5671.88,5184.37,-487.51
2014-11-01,Machines,APAC,11504.04,7562.81,-3941.23
2014-12-01,Machines,APAC,10050.07,7714.33,-2335.74
2014-01-01,Machines,Africa,691.29,1563.99,872.7
2014-02-01,Machines,Africa,540.54,819.17,278.63
2014-03-01,Machines,Africa,1906.1,2670.86,764.76
2014-04-01,Machines,Africa,1911.39,1747.85,-163.54
2014-05-01,Machines,Africa,642.6,1338.86,696.26
2014-06-01,Machines,Africa,1925.55,2239.94,314.39
2014-07-01,Machines,Africa,1233.24,1272.68,39.44
2014-08-01,Machines,Africa,3281.4,2948.52,-332.88
2014-09-01,Machines,Africa,1273.85,1100.39,-173.46
2014-10-01,Machines,Africa,3431.3,3396.53,-34.77
2014-11-01,Machines,Africa,3612.41,2326.1,-1286.31
2014-12-01,Machines,Africa,2710.99,2238.14,-472.85
2014-01-01,Machines,Canada,0.0,132.35,132.35
2014-02-01,Machines,Canada,0.0,144.86,144.86
2014-03-01,Machines,Canada,0.0,181.02,181.02
2014-04-01,Machines,Canada,0.0,181.02,181.02
2014-05-01,Machines,Canada,0.0,194.91,194.91
2014-06-01,Machines,Canada,0.0,561.15,561.15
2014-07-01,Machines,Canada,0.0,450.94,450.94
2014-08-01,Machines,Canada,0.0,570.25,570.25
2014-09-01,Machines,Canada,0.0,530.54,530.54
2014-10-01,Machines,Canada,300.18,517.77,217.59
2014-11-01,Machines,Canada,0.0,403.13,403.13
2014-12-01,Machines,Canada,351.9,263.83,-88.07
2014-01-01,Machines,EMEA,2385.21,1125.96,-1259.25
2014-02-01,Machines,EMEA,980.95,1490.48,509.53
2014-03-01,Machines,EMEA,1250.11,1891.12,641.01
2014-04-01,Machines,EMEA,222.22,529.78,307.56
2014-05-01,Machines,EMEA,492.18,397.75,-94.43
2014-06-01,Machines,EMEA,3847.36,2680.72,-1166.64
2014-07-01,Machines,EMEA,669.01,1507.2,838.19
2014-08-01,Machines,EMEA,2412.7,1966.3,-446.4
2014-09-01,Machines,EMEA,2468.06,2887.52,419.46
2014-10-01,Machines,EMEA,998.8,2202.0,1203.2
2014-11-01,Machines,EMEA,4229.69,3884.14,-345.55
2014-12-01,Machines,EMEA,2984.82,2271.31,-713.51
2014-01-01,Machines,EU,8563.11,3119.65,-5443.46
2014-02-01,Machines,EU,5069.72,2476.77,-2592.95
2014-03-01,Machines,EU,2805.1,1795.98,-1009.12
2014-04-01,Machines,EU,5794.51,3479.38,-2315.13
2014-05-01,Machines,EU,3362.16,7749.02,4386.86
2014-06-01,Machines,EU,9592.86,6915.58,-2677.28
2014-07-01,Machines,EU,3506.32,3247.74,-258.58
2014-08-01,Machines,EU,9388.2,6971.61,-2416.59
2014-09-01,Machines,EU,7103.78,7995.82,892.04
2014-10-01,Machines,EU,12224.4,7005.6,-5218.8
2014-11-01,Machines,EU,9383.64,7770.39,-1613.25
2014-12-01,Machines,EU,6746.37,6155.56,-590.81
2014-01-01,Machines,LATAM,1457.96,812.92,-645.04
2014-02-01,Machines,LATAM,0.0,914.92,914.92
2014-03-01,Machines,LATAM,460.42,890.5,430.08
2014-04-01,Machines,LATAM,608.47,356.74,-251.73
2014-05-01,Machines,LATAM,1703.54,856.26,-847.28
2014-06-01,Machines,LATAM,363.48,878.61,515.13
2014-07-01,Machines,LATAM,1957.47,1412.47,-545.0
2014-08-01,Machines,LATAM,865.9,1193.03,327.13
2014-09-01,Machines,LATAM,1625.68,1095.46,-530.22
2014-10-01,Machines,LATAM,4659.44,2370.45,-2288.99
2014-11-01,Machines,LATAM,871.17,1347.15,475.98
2014-12-01,Machines,LATAM,606.5,1710.78,1104.28
2014-01-01,Machines,US,4106.66,7297.86,3191.2
2014-02-01,Machines,US,239.98,2364.0,2124.02
2014-03-01,Machines,US,742.71,3907.43,3164.72
2014-04-01,Machines,US,7349.97,12050.47,4700.5
2014-05-01,Machines,US,343.2,5022.76,4679.56
2014-06-01,Machines,US,3868.96,6201.7,2332.74
2014-07-01,Machines,US,2992.33,3618.0,625.67
2014-08-01,Machines,US,1439.98,8096.31,6656.33
2014-09-01,Machines,US,1576.54,3018.68,1442.14
2014-10-01,Machines,US,7874.0,4939.31,-2934.69
2014-11-01,Machines,US,11761.38,9495.51,-2265.87
2014-12-01,Machines,US,1248.97,4598.69,3349.72
2014-01-01,Paper,APAC,1077.56,909.27,-168.29
2014-02-01,Paper,APAC,128.4,235.1,106.7
2014-03-01,Paper,APAC,1074.26,1576.02,501.76
2014-04-01,Paper,APAC,1034.61,1554.18,519.57
2014-05-01,Paper,APAC,1942.11,1615.68,-326.43
2014-06-01,Paper,APAC,1496.69,1948.97,452.28
2014-07-01,Paper,APAC,667.74,1642.95,975.21
2014-08-01,Paper,APAC,2588.75,1883.24,-705.51
2014-09-01,Paper,APAC,1270.01,2046.8,776.79
2014-10-01,Paper,APAC,2567.12,1834.81,-732.31
2014-11-01,Paper,APAC,1653.3,2048.43,395.13
2014-12-01,Paper,APAC,2422.22,1726.85,-695.37
2014-01-01,Paper,Africa,233.34,400.8,167.46
2014-02-01,Paper,Africa,140.34,273.7,133.36
2014-03-01,Paper,Africa,283.5,286.42,2.92
2014-04-01,Paper,Africa,173.73,261.19,87.46
2014-05-01,Paper,Africa,554.02,506.41,-47.61
2014-06-01,Paper,Africa,1392.21,640.54,-751.67
2014-07-01,Paper,Africa,323.01,556.19,233.18
2014-08-01,Paper,Africa,361.92,371.5,9.58
2014-09-01,Paper,Africa,175.03,450.93,275.9
2014-10-01,Paper,Africa,376.46,487.94,111.48
2014-11-01,Paper,Africa,29.73,364.89,335.16
2014-12-01,Paper,Africa,596.31,470.53,-125.78
2014-01-01,Paper,Canada,21.99,45.52,23.53
2014-02-01,Paper,Canada,68.19,56.38,-11.81
2014-03-01,Paper,Canada,0.0,41.45,41.45
2014-04-01,Paper,Canada,0.0,38.69,38.69
2014-05-01,Paper,Canada,0.0,70.7,70.7
2014-06-01,Paper,Canada,0.0,75.07,75.07
2014-07-01,Paper,Canada,0.0,21.29,21.29
2014-08-01,Paper,Canada,374.4,75.26,-299.14
2014-09-01,Paper,Canada,57.69,0.0,-57.69
2014-10-01,Paper,Canada,0.0,0.0,0.0
2014-11-01,Paper,Canada,0.0,57.93,57.93
2014-12-01,Paper,Canada,33.6,21.5,-12.1
2014-01-01,Paper,EMEA,155.75,306.66,150.91
2014-02-01,Paper,EMEA,149.32,290.14,140.82
2014-03-01,Paper,EMEA,170.59,299.74,129.15
2014-04-01,Paper,EMEA,60.15,279.42,219.27
2014-05-01,Paper,EMEA,42.26,122.05,79.79
2014-06-01,Paper,EMEA,402.76,456.96,54.2
2014-07-01,Paper,EMEA,279.08,380.1,101.02
2014-08-01,Paper,EMEA,691.84,550.7,-141.14
2014-09-01,Paper,EMEA,229.5,486.78,257.28
2014-10-01,Paper,EMEA,591.35,472.28,-119.07
2014-11-01,Paper,EMEA,286.51,404.48,117.97
2014-12-01,Paper,EMEA,38.79,350.59,311.8
2014-01-01,Paper,EU,1015.8,1210.7,194.9
2014-02-01,Paper,EU,281.58,805.79,524.21
2014-03-01,Paper,EU,372.21,749.38,377.17
2014-04-01,Paper,EU,1278.2,1243.49,-34.71
2014-05-01,Paper,EU,1221.45,1242.1,20.65
2014-06-01,Paper,EU,1449.24,1715.82,266.58
2014-07-01,Paper,EU,837.69,1266.29,428.6
2014-08-01,Paper,EU,1293.69,1708.19,414.5
2014-09-01,Paper,EU,1426.49,1813.75,387.26
2014-10-01,Paper,EU,603.77,1172.16,568.39
2014-11-01,Paper,EU,1744.24,1727.53,-16.71
2014-12-01,Paper,EU,2467.53,1658.92,-808.61
2014-01-01,Paper,LATAM,51.41,249.27,197.86
2014-02-01,Paper,LATAM,139.5,281.66,142.16
2014-03-01,Paper,LATAM,614.14,930.63,316.49
2014-04-01,Paper,LATAM,538.59,834.89,296.3
2014-05-01,Paper,LATAM,664.73,1292.16,627.43
2014-06-01,Paper,LATAM,1123.69,1183.97,60.28
2014-07-01,Paper,LATAM,673.35,876.38,203.03
2014-08-01,Paper,LATAM,1101.73,1388.5,286.77
2014-09-01,Paper,LATAM,1353.31,1502.22,148.91
2014-10-01,Paper,LATAM,2232.67,1265.81,-966.86
2014-11-01,Paper,LATAM,1732.86,1493.34,-239.52
2014-12-01,Paper,LATAM,1448.59,1554.84,106.25
2014-01-01,Paper,US,952.1,954.63,2.53
2014-02-01,Paper,US,1242.43,1395.19,152.76
2014-03-01,Paper,US,2483.84,1556.66,-927.18
2014-04-01,Paper,US,1493.25,1625.16,131.91
2014-05-01,Paper,US,1939.11,1575.62,-363.49
2014-06-01,Paper,US,1999.72,1924.03,-75.69
2014-07-01,Paper,US,1602.17,1567.35,-34.82
2014-08-01,Paper,US,1826.77,2245.97,419.2
2014-09-01,Paper,US,4476.27,2106.05,-2370.22
2014-10-01,Paper,US,2191.21,1792.38,-398.83
2014-11-01,Paper,US,3620.61,3118.42,-502.19
2014-12-01,Paper,US,3890.71,3664.96,-225.75
2014-01-01,Phones,APAC,5573.24,9882.25,4309.01
2014-02-01,Phones,APAC,5365.55,9170.2,3804.65
2014-03-01,Phones,APAC,6661.23,7796.31,1135.08
2014-04-01,Phones,APAC,9632.11,11949.64,2317.53
2014-05-01,Phones,APAC,13658.36,11573.4,-2084.96
2014-06-01,Phones,APAC,6797.26,14887.37,8090.11
2014-07-01,Phones,APAC,3525.82,8333.11,4807.29
2014-08-01,Phones,APAC,17402.64,13888.78,-3513.86
2014-09-01,Phones,APAC,5784.15,11590.15,5806.0
2014-10-01,Phones,APAC,17457.97,11798.35,-5659.62
2014-11-01,Phones,APAC,22062.55,13402.09,-8660.46
2014-12-01,Phones,APAC,20851.81,17275.18,-3576.63
2014-01-01,Phones,Africa,3205.81,3045.77,-160.04
2014-02-01,Phones,Africa,267.66,1922.06,1654.4
2014-03-01,Phones,Africa,3501.71,3925.92,424.21
2014-04-01,Phones,Africa,4502.46,4618.12,115.66
2014-05-01,Phones,Africa,3490.38,3549.88,59.5
2014-06-01,Phones,Africa,2537.39,4840.56,2303.17
2014-07-01,Phones,Africa,4100.35,3881.82,-218.53
2014-08-01,Phones,Africa,1978.16,3822.67,1844.51
2014-09-01,Phones,Africa,5091.51,6479.18,1387.67
2014-10-01,Phones,Africa,3475.93,3190.74,-285.19
2014-11-01,Phones,Africa,4194.47,6522.06,2327.59
2014-12-01,Phones,Africa,5717.76,6594.29,876.53
2014-01-01,Phones,Canada,364.14,77.32,-286.82
2014-02-01,Phones,Canada,277.14,121.94,-155.2
2014-03-01,Phones,Canada,0.0,89.98,89.98
2014-04-01,Phones,Canada,0.0,92.94,92.94
2014-05-01,Phones,Canada,0.0,127.24,127.24
2014-06-01,Phones,Canada,0.0,120.66,120.66
2014-07-01,Phones,Canada,0.0,57.75,57.75
2014-08-01,Phones,Canada,979.35,131.58,-847.77
2014-09-01,Phones,Canada,0.0,86.99,86.99
2014-10-01,Phones,Canada,698.64,84.41,-614.23
2014-11-01,Phones,Canada,0.0,214.51,214.51
2014-12-01,Phones,Canada,4167.54,457.72,-3709.82
2014-01-01,Phones,EMEA,1302.83,4054.44,2751.61
2014-02-01,Phones,EMEA,5076.44,3289.45,-1786.99
2014-03-01,Phones,EMEA,4207.01,3751.95,-455.06
2014-04-01,Phones,EMEA,1984.65,4540.88,2556.23
2014-05-01,Phones,EMEA,955.97,455.09,-500.88
2014-06-01,Phones,EMEA,9606.02,5082.67,-4523.35
2014-07-01,Phones,EMEA,1828.78,3282.58,1453.8
2014-08-01,Phones,EMEA,6329.76,5978.83,-350.93
2014-09-01,Phones,EMEA,2528.54,4835.88,2307.34
2014-10-01,Phones,EMEA,530.81,5245.39,4714.58
2014-11-01,Phones,EMEA,2113.03,5863.73,3750.7
2014-12-01,Phones,EMEA,4595.55,5969.21,1373.66
2014-01-01,Phones,EU,4196.23,4930.61,734.38
2014-02-01,Phones,EU,4863.47,4037.09,-826.38
2014-03-01,Phones,EU,2415.41,4794.18,2378.77
2014-04-01,Phones,EU,4705.82,6026.62,1320.8
2014-05-01,Phones,EU,2398.72,5194.69,2795.97
2014-06-01,Phones,EU,17630.04,9130.1,-8499.94
2014-07-01,Phones,EU,13800.12,8265.94,-5534.18
2014-08-01,Phones,EU,30180.64,10624.09,-19556.55
2014-09-01,Phones,EU,8059.17,10509.36,2450.19
2014-10-01,Phones,EU,8701.88,11522.05,2820.17
2014-11-01,Phones,EU,12930.78,12523.98,-406.8
2014-12-01,Phones,EU,18578.48,13256.79,-5321.69
2014-01-01,Phones,LATAM,5201.62,1741.53,-3460.09
2014-02-01,Phones,LATAM,4411.52,5589.07,1177.55
2014-03-01,Phones,LATAM,1759.3,3253.25,1493.95
2014-04-01,Phones,LATAM,5954.36,4252.26,-1702.1
2014-05-01,Phones,LATAM,4544.12,6508.01,1963.89
2014-06-01,Phones,LATAM,9855.74,8755.8,-1099.94
2014-07-01,Phones,LATAM,5568.0,5761.46,193.46
2014-08-01,Phones,LATAM,6907.7,7725.42,817.72
2014-09-01,Phones,LATAM,12551.02,8288.29,-4262.73
2014-10-01,Phones,LATAM,9092.28,9433.76,341.48
2014-11-01,Phones,LATAM,19374.63,9585.19,-9789.44
2014-12-01,Phones,LATAM,8299.98,9884.6,1584.62
2014-01-01,Phones,US,7802.91,11724.48,3921.57
2014-02-01,Phones,US,3349.87,2735.78,-614.09
2014-03-01,Phones,US,5979.36,3298.52,-2680.84
2014-04-01,Phones,US,3648.07,4138.01,489.94
2014-05-01,Phones,US,6790.22,5784.59,-1005.63
2014-06-01,Phones,US,7341.72,6851.11,-490.61
2014-07-01,Phones,US,9828.14,5551.99,-4276.15
2014-08-01,Phones,US,9670.53,8027.18,-1643.35
2014-09-01,Phones,US,16008.24,9003.65,-7004.59
2014-10-01,Phones,US,8240.87,6184.18,-2056.69
2014-11-01,Phones,US,17297.87,12460.76,-4837.11
2014-12-01,Phones,US,9685.09,12315.67,2630.58
2014-01-01,Storage,APAC,1949.8,2288.74,338.94
2014-02-01,Storage,APAC,3522.49,2019.19,-1503.3
2014-03-01,Storage,APAC,3212.89,4395.67,1182.78
2014-04-01,Storage,APAC,4545.24,4190.85,-354.39
2014-05-01,Storage,APAC,9420.83,5384.42,-4036.41
2014-06-01,Storage,APAC,5958.28,7258.93,1300.65
2014-07-01,Storage,APAC,4810.36,5252.54,442.18
2014-08-01,Storage,APAC,5287.66,6004.77,717.11
2014-09-01,Storage,APAC,8635.17,7804.49,-830.68
2014-10-01,Storage,APAC,7991.75,6578.23,-1413.52
2014-11-01,Storage,APAC,10156.04,8826.24,-1329.8
2014-12-01,Storage,APAC,4592.3,7201.85,2609.55
2014-01-01,Storage,Africa,1298.76,2152.56,853.8
2014-02-01,Storage,Africa,1942.19,2981.22,1039.03
2014-03-01,Storage,Africa,3927.45,2804.41,-1123.04
2014-04-01,Storage,Africa,747.94,2518.79,1770.85
2014-05-01,Storage,Africa,3259.65,3236.47,-23.18
2014-06-01,Storage,Africa,6064.71,3833.36,-2231.35
2014-07-01,Storage,Africa,1186.21,1795.85,609.64
2014-08-01,Storage,Africa,3052.71,5026.64,1973.93
2014-09-01,Storage,Africa,2793.26,4738.95,1945.69
2014-10-01,Storage,Africa,807.07,1964.41,1157.34
2014-11-01,Storage,Africa,4856.58,4417.72,-438.86
2014-12-01,Storage,Africa,1687.28,3899.06,2211.78
2014-01-01,Storage,Canada,0.0,607.81,607.81
2014-02-01,Storage,Canada,466.26,184.16,-282.1
2014-03-01,Storage,Canada,429.12,389.72,-39.4
2014-04-01,Storage,Canada,137.31,235.95,98.64
2014-05-01,Storage,Canada,17.52,60.23,42.71
2014-06-01,Storage,Canada,493.26,195.46,-297.8
2014-07-01,Storage,Canada,0.0,92.65,92.65
2014-08-01,Storage,Canada,829.32,655.91,-173.41
2014-09-01,Storage,Canada,461.7,300.01,-161.69
2014-10-01,Storage,Canada,31.14,30.56,-0.58
2014-11-01,Storage,Canada,291.51,471.17,179.66
2014-12-01,Storage,Canada,16.5,138.8,122.3
2014-01-01,Storage,EMEA,4140.62,2765.38,-1375.24
2014-02-01,Storage,EMEA,2342.62,2248.65,-93.97
2014-03-01,Storage,EMEA,2718.86,2832.43,113.57
2014-04-01,Storage,EMEA,1033.36,2567.28,1533.92
2014-05-01,Storage,EMEA,5444.54,1913.18,-3531.36
2014-06-01,Storage,EMEA,2749.74,3145.54,395.8
2014-07-01,Storage,EMEA,2703.98,3387.82,683.84
2014-08-01,Storage,EMEA,3210.36,4845.63,1635.27
2014-09-01,Storage,EMEA,2884.15,3039.52,155.37
2014-10-01,Storage,EMEA,3981.26,4211.25,229.99
2014-11-01,Storage,EMEA,4399.45,3815.17,-584.28
2014-12-01,Storage,EMEA,2599.23,4068.01,1468.78
2014-01-01,Storage,EU,7685.51,3915.96,-3769.55
2014-02-01,Storage,EU,7449.62,4372.94,-3076.68
2014-03-01,Storage,EU,7481.73,4208.38,-3273.35
2014-04-01,Storage,EU,10918.76,5568.51,-5350.25
2014-05-01,Storage,EU,7437.93,7642.23,204.3
2014-06-01,Storage,EU,11616.87,9270.37,-2346.5
2014-07-01,Storage,EU,7977.31,8040.03,62.72
2014-08-01,Storage,EU,15899.15,9538.85,-6360.3
2014-09-01,Storage,EU,15642.02,10984.29,-4657.73
2014-10-01,Storage,EU,5229.62,6863.16,1633.54
2014-11-01,Storage,EU,16663.75,11898.5,-4765.25
2014-12-01,Storage,EU,12606.37,10894.81,-1711.56
2014-01-01,Storage,LATAM,1348.38,1668.57,320.19
2014-02-01,Storage,LATAM,455.72,1808.19,1352.47
2014-03-01,Storage,LATAM,2849.52,2412.38,-437.14
2014-04-01,Storage,LATAM,2522.6,2329.36,-193.24
2014-05-01,Storage,LATAM,2976.98,3300.43,323.45
2014-06-01,Storage,LATAM,7285.66,4156.8,-3128.86
2014-07-01,Storage,LATAM,655.53,2849.48,2193.95
2014-08-01,Storage,LATAM,4293.53,3761.2,-532.33
2014-09-01,Storage,LATAM,4566.13,4381.46,-184.67
2014-10-01,Storage,LATAM,6901.6,4769.59,-2132.01
2014-11-01,Storage,LATAM,7245.52,5129.61,-2115.91
2014-12-01,Storage,LATAM,2794.9,5118.35,2323.45
2014-01-01,Storage,US,3382.36,2409.19,-973.17
2014-02-01,Storage,US,1626.97,2920.05,1293.08
2014-03-01,Storage,US,3815.45,2974.69,-840.76
2014-04-01,Storage,US,6026.47,4897.12,-1129.35
2014-05-01,Storage,US,4684.72,5363.65,678.93
2014-06-01,Storage,US,6366.66,5633.09,-733.57
2014-07-01,Storage,US,4172.01,4610.5,438.49
2014-08-01,Storage,US,6241.07,6241.27,0.2
2014-09-01,Storage,US,5301.77,5997.45,695.68
2014-10-01,Storage,US,6104.29,5751.69,-352.6
2014-11-01,Storage,US,11384.43,9784.36,-1600.07
2014-12-01,Storage,US,10727.93,10030.58,-697.35
2014-01-01,Supplies,APAC,900.99,1103.55,202.56
2014-02-01,Supplies,APAC,1120.93,728.87,-392.06
2014-03-01,Supplies,APAC,1359.67,1156.2,-203.47
2014-04-01,Supplies,APAC,1144.94,1612.55,467.61
2014-05-01,Supplies,APAC,2194.47,1766.24,-428.23
2014-06-01,Supplies,APAC,2484.37,2036.49,-447.88
2014-07-01,Supplies,APAC,1231.49,1160.76,-70.73
2014-08-01,Supplies,APAC,2496.47,2329.62,-166.85
2014-09-01,Supplies,APAC,2547.34,2143.41,-403.93
2014-10-01,Supplies,APAC,2293.83,2263.76,-30.07
2014-11-01,Supplies,APAC,2083.37,1837.24,-246.13
2014-12-01,Supplies,APAC,3625.5,2419.65,-1205.85
2014-01-01,Supplies,Africa,518.86,418.41,-100.45
2014-02-01,Supplies,Africa,273.18,506.34,233.16
2014-03-01,Supplies,Africa,377.4,347.39,-30.01
2014-04-01,Supplies,Africa,357.92,382.27,24.35
2014-05-01,Supplies,Africa,605.15,531.06,-74.09
2014-06-01,Supplies,Africa,762.87,380.27,-382.6
2014-07-01,Supplies,Africa,200.32,237.72,37.4
2014-08-01,Supplies,Africa,571.17,726.46,155.29
2014-09-01,Supplies,Africa,147.85,250.72,102.87
2014-10-01,Supplies,Africa,38.64,150.7,112.06
2014-11-01,Supplies,Africa,912.67,699.58,-213.09
2014-12-01,Supplies,Africa,160.53,409.58,249.05
2014-01-01,Supplies,Canada,0.0,63.38,63.38
2014-02-01,Supplies,Canada,0.0,29.97,29.97
2014-03-01,Supplies,Canada,73.02,30.82,-42.2
2014-04-01,Supplies,Canada,0.0,34.75,34.75
2014-05-01,Supplies,Canada,0.0,34.66,34.66
2014-06-01,Supplies,Canada,0.0,108.47,108.47
2014-07-01,Supplies,Canada,0.0,29.06,29.06
2014-08-01,Supplies,Canada,0.0,36.6,36.6
2014-09-01,Supplies,Canada,228.33,31.01,-197.32
2014-10-01,Supplies,Canada,0.0,3.43,3.43
2014-11-01,Supplies,Canada,46.41,38.2,-8.21
2014-12-01,Supplies,Canada,111.12,36.93,-74.19
2014-01-01,Supplies,EMEA,308.16,389.07,80.91
2014-02-01,Supplies,EMEA,509.46,303.81,-205.65
2014-03-01,Supplies,EMEA,824.35,478.15,-346.2
2014-04-01,Supplies,EMEA,218.07,449.41,231.34
2014-05-01,Supplies,EMEA,172.75,426.75,254.0
2014-06-01,Supplies,EMEA,161.11,786.6,625.49
2014-07-01,Supplies,EMEA,324.39,536.46,212.07
2014-08-01,Supplies,EMEA,503.26,649.43,146.17
2014-09-01,Supplies,EMEA,759.05,473.32,-285.73
2014-10-01,Supplies,EMEA,124.72,528.24,403.52
2014-11-01,Supplies,EMEA,368.96,816.58,447.62
2014-12-01,Supplies,EMEA,1478.57,771.6,-706.97
2014-01-01,Supplies,EU,955.32,638.08,-317.24
2014-02-01,Supplies,EU,570.6,945.3,374.7
2014-03-01,Supplies,EU,1151.71,1160.29,8.58
2014-04-01,Supplies,EU,1167.15,1184.03,16.88
2014-05-01,Supplies,EU,860.7,650.79,-209.91
2014-06-01,Supplies,EU,1152.24,1561.87,409.63
2014-07-01,Supplies,EU,1955.32,1407.62,-547.7
2014-08-01,Supplies,EU,3581.05,1770.76,-1810.29
2014-09-01,Supplies,EU,1887.3,1033.6,-853.7
2014-10-01,Supplies,EU,1552.59,1521.2,-31.39
2014-11-01,Supplies,EU,2176.18,2113.93,-62.25
2014-12-01,Supplies,EU,3166.71,2027.11,-1139.6
2014-01-01,Supplies,LATAM,77.04,103.89,26.85
2014-02-01,Supplies,LATAM,996.6,948.96,-47.64
2014-03-01,Supplies,LATAM,1325.22,970.5,-354.72
2014-04-01,Supplies,LATAM,654.64,981.79,327.15
2014-05-01,Supplies,LATAM,2125.64,1302.63,-823.01
2014-06-01,Supplies,LATAM,1674.93,1593.15,-81.78
2014-07-01,Supplies,LATAM,764.87,1485.27,720.4
2014-08-01,Supplies,LATAM,1078.8,1873.32,794.52
2014-09-01,Supplies,LATAM,1895.13,1906.77,11.64
2014-10-01,Supplies,LATAM,1956.9,1782.69,-174.21
2014-11-01,Supplies,LATAM,1348.9,1878.07,529.17
2014-12-01,Supplies,LATAM,1536.48,1940.01,403.53
2014-01-01,Supplies,US,4314.41,3427.5,-886.91
2014-02-01,Supplies,US,25.02,0.0,-25.02
2014-03-01,Supplies,US,1687.05,3395.91,1708.86
2014-04-01,Supplies,US,924.92,507.02,-417.9
2014-05-01,Supplies,US,371.45,1178.56,807.11
2014-06-01,Supplies,US,110.71,723.09,612.38
2014-07-01,Supplies,US,278.66,1178.11,899.45
2014-08-01,Supplies,US,212.26,810.41,598.15
2014-09-01,Supplies,US,5032.46,2333.15,-2699.31
2014-10-01,Supplies,US,74.13,474.72,400.59
2014-11-01,Supplies,US,452.0,2309.01,1857.01
2014-12-01,Supplies,US,2566.34,2990.67,424.33
2014-01-01,Tables,APAC,2280.41,1941.57,-338.84
2014-02-01,Tables,APAC,789.94,3718.14,2928.2
2014-03-01,Tables,APAC,8271.31,5244.67,-3026.64
2014-04-01,Tables,APAC,5573.15,4187.27,-1385.88
2014-05-01,Tables,APAC,10643.61,6172.05,-4471.56
2014-06-01,Tables,APAC,4587.06,6288.45,1701.39
2014-07-01,Tables,APAC,623.59,3649.32,3025.73
2014-08-01,Tables,APAC,7324.82,6492.27,-832.55
2014-09-01,Tables,APAC,1691.07,5625.39,3934.32
2014-10-01,Tables,APAC,2485.94,4491.87,2005.93
2014-11-01,Tables,APAC,6563.13,10331.69,3768.56
2014-12-01,Tables,APAC,10117.92,7764.76,-2353.16
2014-01-01,Tables,Africa,1223.61,789.3,-434.31
2014-02-01,Tables,Africa,276.44,1349.49,1073.05
2014-03-01,Tables,Africa,364.43,699.88,335.45
2014-04-01,Tables,Africa,984.18,1112.25,128.07
2014-05-01,Tables,Africa,2675.34,719.9,-1955.44
2014-06-01,Tables,Africa,406.76,1128.44,721.68
2014-07-01,Tables,Africa,320.49,815.7,495.21
2014-08-01,Tables,Africa,3588.0,2107.66,-1480.34
2014-09-01,Tables,Africa,4596.27,1368.61,-3227.66
2014-10-01,Tables,Africa,0.0,1700.07,1700.07
2014-11-01,Tables,Africa,2679.12,1170.45,-1508.67
2014-12-01,Tables,Africa,318.09,1194.66,876.57
2014-01-01,Tables,Canada,0.0,132.92,132.92
2014-02-01,Tables,Canada,0.0,132.92,132.92
2014-03-01,Tables,Canada,0.0,89.61,89.61
2014-04-01,Tables,Canada,0.0,104.78,104.78
2014-05-01,Tables,Canada,0.0,108.53,108.53
2014-06-01,Tables,Canada,0.0,344.73,344.73
2014-07-01,Tables,Canada,0.0,292.25,292.25
2014-08-01,Tables,Canada,0.0,384.67,384.67
2014-09-01,Tables,Canada,0.0,518.03,518.03
2014-10-01,Tables,Canada,0.0,477.7,477.7
2014-11-01,Tables,Canada,0.0,727.9,727.9
2014-12-01,Tables,Canada,0.0,582.18,582.18
2014-01-01,Tables,EMEA,2171.16,1197.77,-973.39
2014-02-01,Tables,EMEA,445.62,681.48,235.86
2014-03-01,Tables,EMEA,101.39,732.31,630.92
2014-04-01,Tables,EMEA,0.0,739.79,739.79
2014-05-01,Tables,EMEA,0.0,708.49,708.49
2014-06-01,Tables,EMEA,1031.82,707.07,-324.75
2014-07-01,Tables,EMEA,0.0,719.68,719.68
2014-08-01,Tables,EMEA,0.0,652.49,652.49
2014-09-01,Tables,EMEA,2302.7,1777.31,-525.39
2014-10-01,Tables,EMEA,0.0,1145.51,1145.51
2014-11-01,Tables,EMEA,177.96,651.65,473.69
2014-12-01,Tables,EMEA,2440.26,1399.63,-1040.63
2014-01-01,Tables,EU,4205.55,4912.17,706.62
2014-02-01,Tables,EU,876.68,3772.91,2896.23
2014-03-01,Tables,EU,0.0,3754.06,3754.06
2014-04-01,Tables,EU,0.0,3001.44,3001.44
2014-05-01,Tables,EU,3230.81,3876.93,646.12
2014-06-01,Tables,EU,10516.56,5050.05,-5466.51
2014-07-01,Tables,EU,2279.02,2135.92,-143.1
2014-08-01,Tables,EU,4821.28,5371.33,550.05
2014-09-01,Tables,EU,3363.03,4685.95,1322.92
2014-10-01,Tables,EU,1045.43,4098.44,3053.01
2014-11-01,Tables,EU,529.32,2155.2,1625.88
2014-12-01,Tables,EU,4104.93,6022.44,1917.51
2014-01-01,Tables,LATAM,537.6,1622.95,1085.35
2014-02-01,Tables,LATAM,0.0,1402.61,1402.61
2014-03-01,Tables,LATAM,5018.09,2402.79,-2615.3
2014-04-01,Tables,LATAM,4624.82,3268.04,-1356.78
2014-05-01,Tables,LATAM,1940.06,3714.41,1774.35
2014-06-01,Tables,LATAM,7467.57,5188.38,-2279.19
2014-07-01,Tables,LATAM,4481.44,3271.23,-1210.21
2014-08-01,Tables,LATAM,2857.92,4770.88,1912.96
2014-09-01,Tables,LATAM,9635.78,5989.75,-3646.03
2014-10-01,Tables,LATAM,10413.87,6863.87,-3550.0
2014-11-01,Tables,LATAM,7551.32,4184.42,-3366.9
2014-12-01,Tables,LATAM,6010.2,8575.46,2565.26
2014-01-01,Tables,US,2486.44,2957.83,471.39
2014-02-01,Tables,US,1323.84,0.0,-1323.84
2014-03-01,Tables,US,2477.1,3438.82,961.72
2014-04-01,Tables,US,2314.62,4112.85,1798.23
2014-05-01,Tables,US,2351.25,4287.37,1936.12
2014-06-01,Tables,US,2703.79,5334.74,2630.95
2014-07-01,Tables,US,3805.87,2000.19,-1805.68
2014-08-01,Tables,US,4137.74,6971.65,2833.91
2014-09-01,Tables,US,5498.18,5664.36,166.18
2014-10-01,Tables,US,11410.78,4357.14,-7053.64
2014-11-01,Tables,US,11877.01,7900.7,-3976.31
2014-12-01,Tables,US,10506.92,9055.39,-1451.53
